name;category
name-0;category-0
name-1;category-1
name-2;category-2
name-3;category-3
name-4;category-4
name-5;category-5
name-6;category-6
name-7;category-7
name-8;category-8
name-9;category-9
name-10;category-10
name-11;category-11
name-12;category-12
name-13;category-13
name-14;category-14
name-15;category-15
name-16;category-16
name-17;category-17
name-18;category-18
name-19;category-19
name-20;category-20
name-21;category-21
name-22;category-22
name-23;category-23
name-24;category-24
name-25;category-25
name-26;category-26
name-27;category-27
name-28;category-28
name-29;category-29
name-30;category-30
name-31;category-31
name-32;category-32
name-33;category-33
name-34;category-34
name-35;category-35
name-36;category-36
name-37;category-37
name-38;category-38
name-39;category-39
name-40;category-40
name-41;category-41
name-42;category-42
name-43;category-43
name-44;category-44
name-45;category-45
name-46;category-46
name-47;category-47
name-48;category-48
name-49;category-49
name-50;category-50
name-51;category-51
name-52;category-52
name-53;category-53
name-54;category-54
name-55;category-55
name-56;category-56
name-57;category-57
name-58;category-58
name-59;category-59
name-60;category-60
name-61;category-61
name-62;category-62
name-63;category-63
name-64;category-64
name-65;category-65
name-66;category-66
name-67;category-67
name-68;category-68
name-69;category-69
name-70;category-70
name-71;category-71
name-72;category-72
name-73;category-73
name-74;category-74
name-75;category-75
name-76;category-76
name-77;category-77
name-78;category-78
name-79;category-79
name-80;category-80
name-81;category-81
name-82;category-82
name-83;category-83
name-84;category-84
name-85;category-85
name-86;category-86
name-87;category-87
name-88;category-88
name-89;category-89
name-90;category-90
name-91;category-91
name-92;category-92
name-93;category-93
name-94;category-94
name-95;category-95
name-96;category-96
name-97;category-97
name-98;category-98
name-99;category-99
name-100;category-100
name-101;category-101
name-102;category-102
name-103;category-103
name-104;category-104
name-105;category-105
name-106;category-106
name-107;category-107
name-108;category-108
name-109;category-109
name-110;category-110
name-111;category-111
name-112;category-112
name-113;category-113
name-114;category-114
name-115;category-115
name-116;category-116
name-117;category-117
name-118;category-118
name-119;category-119
name-120;category-120
name-121;category-121
name-122;category-122
name-123;category-123
name-124;category-124
name-125;category-125
name-126;category-126
name-127;category-127
name-128;category-128
name-129;category-129
name-130;category-130
name-131;category-131
name-132;category-132
name-133;category-133
name-134;category-134
name-135;category-135
name-136;category-136
name-137;category-137
name-138;category-138
name-139;category-139
name-140;category-140
name-141;category-141
name-142;category-142
name-143;category-143
name-144;category-144
name-145;category-145
name-146;category-146
name-147;category-147
name-148;category-148
name-149;category-149
name-150;category-150
name-151;category-151
name-152;category-152
name-153;category-153
name-154;category-154
name-155;category-155
name-156;category-156
name-157;category-157
name-158;category-158
name-159;category-159
name-160;category-160
name-161;category-161
name-162;category-162
name-163;category-163
name-164;category-164
name-165;category-165
name-166;category-166
name-167;category-167
name-168;category-168
name-169;category-169
name-170;category-170
name-171;category-171
name-172;category-172
name-173;category-173
name-174;category-174
name-175;category-175
name-176;category-176
name-177;category-177
name-178;category-178
name-179;category-179
name-180;category-180
name-181;category-181
name-182;category-182
name-183;category-183
name-184;category-184
name-185;category-185
name-186;category-186
name-187;category-187
name-188;category-188
name-189;category-189
name-190;category-190
name-191;category-191
name-192;category-192
name-193;category-193
name-194;category-194
name-195;category-195
name-196;category-196
name-197;category-197
name-198;category-198
name-199;category-199
name-200;category-200
name-201;category-201
name-202;category-202
name-203;category-203
name-204;category-204
name-205;category-205
name-206;category-206
name-207;category-207
name-208;category-208
name-209;category-209
name-210;category-210
name-211;category-211
name-212;category-212
name-213;category-213
name-214;category-214
name-215;category-215
name-216;category-216
name-217;category-217
name-218;category-218
name-219;category-219
name-220;category-220
name-221;category-221
name-222;category-222
name-223;category-223
name-224;category-224
name-225;category-225
name-226;category-226
name-227;category-227
name-228;category-228
name-229;category-229
name-230;category-230
name-231;category-231
name-232;category-232
name-233;category-233
name-234;category-234
name-235;category-235
name-236;category-236
name-237;category-237
name-238;category-238
name-239;category-239
name-240;category-240
name-241;category-241
name-242;category-242
name-243;category-243
name-244;category-244
name-245;category-245
name-246;category-246
name-247;category-247
name-248;category-248
name-249;category-249
name-250;category-250
name-251;category-251
name-252;category-252
name-253;category-253
name-254;category-254
name-255;category-255
name-256;category-256
name-257;category-257
name-258;category-258
name-259;category-259
name-260;category-260
name-261;category-261
name-262;category-262
name-263;category-263
name-264;category-264
name-265;category-265
name-266;category-266
name-267;category-267
name-268;category-268
name-269;category-269
name-270;category-270
name-271;category-271
name-272;category-272
name-273;category-273
name-274;category-274
name-275;category-275
name-276;category-276
name-277;category-277
name-278;category-278
name-279;category-279
name-280;category-280
name-281;category-281
name-282;category-282
name-283;category-283
name-284;category-284
name-285;category-285
name-286;category-286
name-287;category-287
name-288;category-288
name-289;category-289
name-290;category-290
name-291;category-291
name-292;category-292
name-293;category-293
name-294;category-294
name-295;category-295
name-296;category-296
name-297;category-297
name-298;category-298
name-299;category-299
name-300;category-300
name-301;category-301
name-302;category-302
name-303;category-303
name-304;category-304
name-305;category-305
name-306;category-306
name-307;category-307
name-308;category-308
name-309;category-309
name-310;category-310
name-311;category-311
name-312;category-312
name-313;category-313
name-314;category-314
name-315;category-315
name-316;category-316
name-317;category-317
name-318;category-318
name-319;category-319
name-320;category-320
name-321;category-321
name-322;category-322
name-323;category-323
name-324;category-324
name-325;category-325
name-326;category-326
name-327;category-327
name-328;category-328
name-329;category-329
name-330;category-330
name-331;category-331
name-332;category-332
name-333;category-333
name-334;category-334
name-335;category-335
name-336;category-336
name-337;category-337
name-338;category-338
name-339;category-339
name-340;category-340
name-341;category-341
name-342;category-342
name-343;category-343
name-344;category-344
name-345;category-345
name-346;category-346
name-347;category-347
name-348;category-348
name-349;category-349
name-350;category-350
name-351;category-351
name-352;category-352
name-353;category-353
name-354;category-354
name-355;category-355
name-356;category-356
name-357;category-357
name-358;category-358
name-359;category-359
name-360;category-360
name-361;category-361
name-362;category-362
name-363;category-363
name-364;category-364
name-365;category-365
name-366;category-366
name-367;category-367
name-368;category-368
name-369;category-369
name-370;category-370
name-371;category-371
name-372;category-372
name-373;category-373
name-374;category-374
name-375;category-375
name-376;category-376
name-377;category-377
name-378;category-378
name-379;category-379
name-380;category-380
name-381;category-381
name-382;category-382
name-383;category-383
name-384;category-384
name-385;category-385
name-386;category-386
name-387;category-387
name-388;category-388
name-389;category-389
name-390;category-390
name-391;category-391
name-392;category-392
name-393;category-393
name-394;category-394
name-395;category-395
name-396;category-396
name-397;category-397
name-398;category-398
name-399;category-399
name-400;category-400
name-401;category-401
name-402;category-402
name-403;category-403
name-404;category-404
name-405;category-405
name-406;category-406
name-407;category-407
name-408;category-408
name-409;category-409
name-410;category-410
name-411;category-411
name-412;category-412
name-413;category-413
name-414;category-414
name-415;category-415
name-416;category-416
name-417;category-417
name-418;category-418
name-419;category-419
name-420;category-420
name-421;category-421
name-422;category-422
name-423;category-423
name-424;category-424
name-425;category-425
name-426;category-426
name-427;category-427
name-428;category-428
name-429;category-429
name-430;category-430
name-431;category-431
name-432;category-432
name-433;category-433
name-434;category-434
name-435;category-435
name-436;category-436
name-437;category-437
name-438;category-438
name-439;category-439
name-440;category-440
name-441;category-441
name-442;category-442
name-443;category-443
name-444;category-444
name-445;category-445
name-446;category-446
name-447;category-447
name-448;category-448
name-449;category-449
name-450;category-450
name-451;category-451
name-452;category-452
name-453;category-453
name-454;category-454
name-455;category-455
name-456;category-456
name-457;category-457
name-458;category-458
name-459;category-459
name-460;category-460
name-461;category-461
name-462;category-462
name-463;category-463
name-464;category-464
name-465;category-465
name-466;category-466
name-467;category-467
name-468;category-468
name-469;category-469
name-470;category-470
name-471;category-471
name-472;category-472
name-473;category-473
name-474;category-474
name-475;category-475
name-476;category-476
name-477;category-477
name-478;category-478
name-479;category-479
name-480;category-480
name-481;category-481
name-482;category-482
name-483;category-483
name-484;category-484
name-485;category-485
name-486;category-486
name-487;category-487
name-488;category-488
name-489;category-489
name-490;category-490
name-491;category-491
name-492;category-492
name-493;category-493
name-494;category-494
name-495;category-495
name-496;category-496
name-497;category-497
name-498;category-498
name-499;category-499
name-500;category-500
name-501;category-501
name-502;category-502
name-503;category-503
name-504;category-504
name-505;category-505
name-506;category-506
name-507;category-507
name-508;category-508
name-509;category-509
name-510;category-510
name-511;category-511
name-512;category-512
name-513;category-513
name-514;category-514
name-515;category-515
name-516;category-516
name-517;category-517
name-518;category-518
name-519;category-519
name-520;category-520
name-521;category-521
name-522;category-522
name-523;category-523
name-524;category-524
name-525;category-525
name-526;category-526
name-527;category-527
name-528;category-528
name-529;category-529
name-530;category-530
name-531;category-531
